Metric,Category,Reported Value,Unit,Qualitative Narrative,Forward-Looking Target,Financial Statement Reconciliation
Carbon Emissions,Environmental,45000,tonnes CO2,Scope 1 + 2 emissions; financed emissions under review,Reduce total emissions by 20% by 2027,Linked to operational costs and financed emissions liabilities
Energy Consumption,Environmental,1200000,kWh,Energy consumption monitored; plan to increase renewable share,Increase renewable energy usage to 50% by 2026,Linked to energy expenditures
Water Usage,Environmental,35000,m3,Water usage monitored at operational sites,Reduce water consumption by 15% by 2025,Linked to operational water cost
Waste Generated,Environmental,500,tonnes,Waste management policies implemented for hazardous and electronic waste,Reduce hazardous waste by 25% by 2026,Linked to waste disposal expenses
Gender Diversity,Social,35,%,Diversity programs in place; focus on senior management,Achieve 40% women in senior management by 2026,Linked to HR payroll and diversity bonus programs
Employee Training Hours,Social,8500,hours,Employee training programs include ESG modules,Increase ESG training hours by 30% in 2025,Linked to HR training budgets
Supply Chain Audits,Governance,25,number,Supplier audits conducted for top-tier suppliers,Audit 100% of high-risk suppliers by 2026,Linked to supplier contracts and compliance costs
Anti-Corruption Policies,Governance,Yes,N/A,Anti-corruption policy documented and enforced,Maintain zero-tolerance enforcement for corruption,Linked to legal and compliance costs
Sustainability Targets,Governance,5,number,"Targets exist for carbon reduction, energy efficiency, and diversity",Set measurable KPIs for all ESG targets by 2025,Linked to overall corporate sustainability budget
